Cupania oblongifolia,1
Euterpe edulis,1
Guapira opposita,1
Guarea macrophylla,1
Matayba elaeagnoides,1
Mollinedia schottiana,1
Mollinedia uleana,1
Myrsine umbellata,1
Myrcia tijucensis,1
Myrciaria floribunda,1
Prunus myrtifolia,1
Psychotria suterella,1
Sloanea hirsuta,1
Sorocea bonplandii,1
Eugenia brasiliensis,1
Eugenia supraaxillaris,1
Leandra dasytricha,1
Machaerium stipitatum,1
Mollinedia clavigera,1
Nectandra barbellata,1
Allophylus edulis,1
Allophylus petiolulatus,1
Cordia sellowiana,1
Justicia carnea,1
Schinus terebinthifolius,1
Annona cacans,1
Rauvolfia sellowii,1
Austroeupatorium inulaefolium,1
Austroeupatorium silphiifolium,1
Baccharis dentata,1
Baccharis semiserrata,1
Heterocondylus alatus,1
Piptocarpha macropoda,1
Piptocarpha pyrifolia,1
Piptocarpha quadrangularis,1
Piptocarpha sellowii,1
Symphyopappus polystachyus,1
Vernonia diffusa,1
Vernonia petiolaris,1
Vernonia phaeoneura,1
Vernonia polyanthes,1
Cybistax antisyphilitica,1
Jacaranda puberula,1
Celtis iguanaea,1
Trema micrantha,1
Cyathea delgadii,1
Alchornea sidifolia,1
Alchornea triplinervia,1
Croton floribundus,1
Croton urucurana,1
Sapium glandulosum,1
Tetrorchidium rubrivenium,1
Senna multijuga,1
Bauhinia forficata,1
Dalbergia brasiliensis,1
Dalbergia frutescens,1
Inga sessilis,1
Piptadenia gonoacantha,1
Vismia micrantha,1
Aegiphila sellowiana,1
Endlicheria paniculata,1
Nectandra membranacea,1
Ocotea puberula,1
Leandra bergiana,1
Miconia budlejoides,1
Miconia cinnamomifolia,1
Miconia latecrenata,1
Miconia sellowiana,1
Ossaea retropila,1
Ficus insipida,1
Rapanea ferruginea,1
Rapanea gardneriana,1
Rapanea umbellata,1
Myrcia fallax,1
Pera glabrata,1
Piper aduncum,1
Piper cernuum,1
Piper crassinervium,1
Piper dilatatum,1
Piper gaudichaudianum,1
Piper hemmendorffii,1
Piper malacophyllum,1
Piper mollicomum,1
Piper rivinoides,1
Piper umbellatum,1
Coffea arabica,1
Palicourea marcgravii,1
Randia armata,1
Casearia sylvestris,1
Buddleja stachyoides,1
Capsicum flexuosum,1
Cestrum intermedium,1
Cestrum schlechtendalii,1
Sessea brasiliensis,1
Solanum bullatum,1
Solanum concinuum,1
Solanum diploconos,1
Solanum mauritianum,1
Solanum megalochiton,1
Solanum pseudocapsicum,1
Solanum pseudoquina,1
Solanum sellowii,1
Solanum variabile,1
Solanum wacketti,1
Symplocos laxiflora,1
Boehmeria caudata,1
Cecropia glaziovii,1
Cecropia pachystachya,1
Urera baccifera,1
Urera nitida,1
Citharexylum myrianthum,1
Tapirira guianensis,1
Annona neosericea,1
Annona sylvatica,1
Duguetia salicifolia,1
Guatteria australis,1
Xylopia langsdorfiana,1
Aspidosperma olivaceum,1
Aspidosperma polyneuron,1
Ilex dumosa,1
Ilex microdonta,1
Ilex theezans,1
Schefflera angustissima,1
Geonoma schottiana,1
Lytocaryum hoehnei,1
Vernonanthura divaricata,1
Handroanthus impetiginosus,1
Protium kleinii,1
Citronella paniculata,1
Jacaratia heptaphylla,1
Maytenus cestrifolia,1
Maytenus gonoclada,1
Tontelea leptophylla,1
Hirtella hebeclada,1
Garcinia gardneriana,1
Buchenavia kleinii,1
Lamanonia ternata,1
Weinmannia paulliniifolia,1
Cyathea dichromatolepis,1
Cyathea phalerata,1
Sloanea lasiocoma,1
Actinostemon concolor,1
Alchornea glandulosa,1
Croton macrobothrys,1
Pera heteranthera,1
Cassia ferruginea,1
Copaifera lucens,1
Copaifera trapezifolia,1
Hymenaea courbaril,1
Inga lenticellata,1
Inga sellowiana,1
Platymiscium floribundum,1
Pterocarpus rohrii,1
Tachigali denudata,1
Aniba firmula,1
Aniba viridis,1
Beilschmiedia emarginata,1
Cinnamomum hirsutum,1
Cryptocarya aschersoniana,1
Cryptocarya mandioccana,1
Cryptocarya micrantha,1
Cryptocarya saligna,1
Nectandra oppositifolia,1
Ocotea aciphylla,1
Ocotea catharinensis,1
Ocotea corymbosa,1
Ocotea daphnifolia,1
Ocotea dispersa,1
Ocotea elegans,1
Ocotea glaziovii,1
Ocotea leucoxylon,1
Ocotea nectandrifolia,1
Ocotea odorifera,1
Ocotea pulchella,1
Ocotea pulchra,1
Ocotea silvestris,1
Ocotea teleiandra,1
Ocotea venulosa,1
Cariniana estrellensis,1
Byrsonima ligustrifolia,1
Miconia cabucu,1
Mouriri chamissoana,1
Cabralea canjerana,1
Cedrela fissilis,1
Trichilia lepidota,1
Trichilia silvatica,1
Mollinedia boracensis,1
Mollinedia triflora,1
Brosimum glaziovii,1
Virola bicuhyba,1
Calyptranthes grandifolia,1
Calyptranthes lucida,1
Calyptranthes dryadica,1
Campomanesia guaviroba,1
Eugenia beaurepairiana,1
Eugenia capitulifera,1
Eugenia cerasiflora,1
Eugenia copacabanensis,1
Eugenia dodonaeifolia,1
Eugenia excelsa,1
Eugenia ligustrina,1
Eugenia neoverrucosa,1
Eugenia prasina,1
Eugenia pruinosa,1
Eugenia subavenia,1
Eugenia convexinervia,1
Eugenia verticillata,1
Marlierea excoriata,1
Marlierea reitzii,1
Myrceugenia myrcioides,1
Myrcia aethusa,1
Myrcia anacardiifolia,1
Myrcia macrocarpa,1
Myrcia multiflora,1
Neomitranthes capivariensis,1
Plinia rivularis,1
Psidium longipetiolatum,1
Siphoneugena densiflora,1
Guapira nitida,1
Ouratea parviflora,1
Quiina magallano-gomesii,1
Heisteria silvianii,1
Chionanthus filiformis,1
Savia dictyocarpa,1
Coccoloba warmingii,1
Myrsine gardneriana,1
Myrsine hermogenesii,1
Amaioua intermedia,1
Bathysa australis,1
Bathysa stipulata,1
Cordiera myrciifolia,1
Ixora brevifolia,1
Posoqueria latifolia,1
Rudgea gardenioides,1
Rudgea jasminoides,1
Simira pikia,1
Esenbeckia grandiflora,1
Meliosma sellowii,1
Casearia decandra,1
Casearia obliqua,1
Xylosma glaberrima,1
Cupania vernalis,1
Matayba intermedia,1
Matayba obovata,1
Chrysophyllum flexuosum,1
Diploon cuspidatum,1
Micropholis crassipedicellata,1
Pouteria bullata,1
Pouteria caimito,1
Pradosia lactescens,1
Solanum cinnamomeum,1
Symplocos estrellensis,1
Cecropia hololeuca,1
Coussapoa microcarpa,1
Qualea glaziovii,1
Vochysia magnifica,1
Drimys brasiliensis,1
Hyeronima alchorneoides,1
Alsophila setosa,1
Matayba guianensis,1
Gymnanthes concolor,1
Magnolia ovata,1
Cordia silvestris,1
Pisonia zapallo,1
Verbenoxylum reitzii,1
Luehea divaricata,1
Myrcia splendens,1
Chrysophyllum inornatum,1
Annona rugulosa,1
Nectandra megapotamica,1
Erythrina falcata,1
Solanum sanctae-catharinae,1
Annona sericea,1
Inga marginata,1
Dicksonia sellowiana,1
Duguetia lanceolata,1
Roupala montana,1
Ficus luschnathiana,1
Campomanesia xanthocarpa,1
Myrocarpus frondosus,1
Myrcia brasiliensis,1
Cinnamomum glaziovii,1
Myrciaria plinioides,1
Aegiphila integrifolia,1
Myrcia pubipetala,1
Trichilia pallens,1
Kaunia rufescens,1
Ocotea indecora,1
Xylopia brasiliensis,1
Zanthoxylum rhoifolium,1
Phytolacca dioica,1
Abarema langsdorffii,1
Pseudobombax grandiflorum,1
Aegiphila brachiata,1
Marlierea silvatica,1
Maytenus glaucescens,1
Myrcia glabra,1
Sloanea guianensis,1
Albizia edwallii,1
Clethra scabra,1
Eugenia bacopari,1
Myrsine parvula,1
Piptocarpha axillaris,1
Piptocarpha tomentosa,1
Xylosma prockia,1
Astrocaryum aculeatissimum,1
Aureliana fasciculata,1
Capsicum campylopodium,1
Inga vera,1
Mabea fistulifera,1
Malouetia cestroides,1
Maytenus communis,1
Miconia albicans,1
Miconia lepidota,1
Miconia prasina,1
Moquiniastrum polymorphum,1
Myrsine coriacea,1
Psidium myrtoides,1
Rhamnidium elaeocarpum,1
Solanum argenteum,1
Sparattosperma leucanthum,1
Syzygium cumini,1
Tachigali rugosa,1
Tibouchina estrellensis,1
Tibouchina granulosa,1
Toulicia laevigata,1
Vernonanthura discolor,1
Xylopia sericea,1
Acrocomia aculeata,1
Actinostemon verticillatus,1
Agonandra excelsa,1
Albizia pedicellaris,1
Algernonia obovata,1
Anadenanthera colubrina,1
Andira fraxinifolia,1
Andira ormosioides,1
Aparisthmium cordatum,1
Apuleia leiocarpa,1
Artocarpus heterophyllus,1
Astronium graveolens,1
Banara serrata,1
Brosimum guianense,1
Byrsonima japurensis,1
Byrsonima laxiflora,1
Casearia arborea,1
Ceiba speciosa,1
Colubrina glandulosa,1
Cordia superba,1
Cordia trichoclada,1
Coussarea nodosa,1
Cupania emarginata,1
Cupania furfuracea,1
Dalbergia nigra,1
Diatenopteryx sorbifolia,1
Eugenia candolleana,1
Eugenia florida,1
Eugenia punicifolia,1
Eugenia sulcata,1
Guapira areolata,1
Guarea guidonia,1
Guatteria candolleana,1
Guatteria ferruginea,1
Helicostylis tomentosa,1
Himatanthus bracteatus,1
Inga capitata,1
Joannesia princeps,1
Lacistema pubescens,1
Licaria bahiana,1
Machaerium brasiliense,1
Macrotorus utriculatus,1
Matayba juglandifolia,1
Nectandra puberula,1
Ouratea bahiensis,1
Protium heptaphyllum,1
Pseudopiptadenia contorta,1
Psychotria carthagenensis,1
Psychotria leiocarpa,1
Psychotria nuda,1
Psychotria vellosiana,1
Rhodostemonodaphne macrocalyx,1
Rinorea guianensis,1
Senegalia polyphylla,1
Simarouba amara,1
Siparuna bifida,1
Siparuna guianensis,1
Siparuna reginae,1
Sorocea guilleminiana,1
Stryphnodendron pulcherrimum,1
Tabernaemontana catharinensis,1
Tachigali pilgeriana,1
Talisia esculenta,1
Zanthoxylum caribaeum,1
Algernonia leandrii,1
Algernonia riedelii,1
Alseis floribunda,1
Amphirrhox longifolia,1
Andira anthelmia,1
Campomanesia eugenioides,1
Cedrela odorata,1
Copaifera langsdorffii,1
Cordia taguahyensis,1
Couepia schottii,1
Coussarea contracta,1
Coussarea graciliflora,1
Cryptocarya riedeliana,1
Cupania racemosa,1
Cupania schizoneura,1
Cybianthus cuneifolius,1
Dictyoloma vandellianum,1
Ecclinusa ramiflora,1
Endlicheria glomerata,1
Eriotheca pentaphylla,1
Erythroxylum citrifolium,1
Eugenia brevistyla,1
Eugenia expansa,1
Eugenia oblongata,1
Eugenia pisiformis,1
Eugenia umbrosa,1
Eugenia villaenovae,1
Eugenia zuccarinii,1
Faramea multiflora,1
Ficus gomelleira,1
Gallesia integrifolia,1
Guatteria sellowiana,1
Handroanthus chrysotrichus,1
Handroanthus heptaphyllus,1
Jacaratia spinosa,1
Lecythis lanceolata,1
Lecythis pisonis,1
Licania kunthiana,1
Licania octandra,1
Licania riedelii,1
Maytenus brasiliensis,1
Melanoxylon brauna,1
Myrcia anceps,1
Myrcia crocea,1
Myrcia insularis,1
Myrcia spectabilis,1
Naucleopsis oblongifolia,1
Ocotea nitida,1
Parinari excelsa,1
Peltogyne angustiflora,1
Pilocarpus giganteus,1
Piper arboreum,1
Pourouma guianensis,1
Pouteria bangii,1
Pouteria durlandii,1
Pouteria grandiflora,1
Pouteria guianensis,1
Pradosia kuhlmannii,1
Roupala longepetiolata,1
Ruprechtia laxiflora,1
Schefflera longipetiolata,1
Senefeldera verticillata,1
Simira viridiflora,1
Swartzia apetala,1
Tachigali friburgensis,1
Terminalia januariensis,1
Trichilia casaretti,1
Urbanodendron bahiense,1
Virola gardneri,1
Zollernia glabra,1
Leandra purpurascens,1
Miconia doriana,1
Brunfelsia uniflora,1
Solanum cernuum,1
Syagrus romanzoffiana,1
Sebastiania commersoniana,1
Machaerium nictitans,1
Machaerium oblongifolium,1
Psidium cattleyanum,1
Qualea selloi,1
Ilex paraguariensis,1
Didymopanax angustissimum,1
Bactris setosa,1
Tabebuia chrysotricha,1
Maytenus evonymoides,1
Maytenus robusta,1
Sloanea monosperma,1
Erythroxylum argentinum,1
Zollernia ilicifolia,1
Nectandra grandiflora,1
Ocotea bicolor,1
Ocotea brachybotra,1
Miconia petropolitana,1
Mollinedia elegans,1
Eugenia involucrata,1
Eugenia mosenii,1
Gomidesia affinis,1
Gomidesia anacardiaefolia,1
Myrceugenia glaucescens,1
Myrceugenia rufescens,1
Myrcia breviramis,1
Myrcia oblongata,1
Myrcia venulosa,1
Pimenta pseudocaryophyllus,1
Siphoneugena widegreniana,1
Ouratea vaccinioides,1
Roupala brasiliensis,1
Alibertia concolor,1
Chomelia catharinae,1
Posoqueria acutifolia,1
Psychotria longipes,1
Psychotria stachyoides,1
Symplocos celastrinea,1
Symplocos kleinii,1
Symplocos variabilis,1
Daphnopsis fasciculata,1
Centrolobium robustum,1
Holocalyx balansae,1
Machaerium villosum,1
Cariniana legalis,1
Campomanesia guazumifolia,1
Eugenia uniflora,1
Euplassa cantareirae,1
Rudgea sessilis,1
Vismia brasiliensis,1
Christiana macrodon,1
Heliocarpus popayanensis,1
Tibouchina pulchra,1
Solanum caavurana,1
Urera caracasana,1
Dendropanax cuneatus,1
Jacaranda micrantha,1
Cordia trichotoma,1
Erythrina speciosa,1
Erythrina verna,1
Machaerium nyctitans,1
Parapiptadenia rigida,1
Schizolobium parahyba,1
Lafoensia pacari,1
Ficus guaranitica,1
Ficus adhatodifolia,1
Triplaris americana,1
Symplocos falcata,1
Tapirira obtusa,1
Guatteria nigrescens,1
Rollinia silvatica,1
Himatanthus phagedaenicus,1
Peschiera fuchsiaefolia,1
Didymopanax morototoni,1
Zeyheria tuberculosa,1
Eriotheca candolleana,1
Pseudobombax longiflorum,1
Cordia sericicalyx,1
Protium warmingianum,1
Trattinickia ferruginea,1
Erythroxylum pelleterianum,1
Maprounea guianensis,1
Sapium glandulatum,1
Carpotroche brasiliensis,1
Casearia aculeata,1
Vismia guianensis,1
Senna macranthera,1
Miconia albo-rufescens,1
Solanum granuloso-leprosum,1
Solanum leucodendron,1
Casearia gossypiosperma,1
Rheedia gardneriana,1
Tovomita glazioviana,1
Villaresia megaphylla,1
Hyptidendron asperrimum,1
Nectandra reticulata,1
Nectandra rigida,1
Nectandra saligna,1
Ocotea laxa,1
Phyllostemonodaphne geminiflora,1
Machaerium triste,1
Acacia glomerosa,1
Anadenanthera peregrina,1
Inga edulis,1
Stryphnodendron guianense,1
Miconia pusilliflora,1
Siparuna arianeae,1
Ficus mexiae,1
Maclura tinctoria,1
Virola oleifera,1
Eugenia leptoclada,1
Ouratea polygyna,1
Amaioua guianensis,1
Coutarea hexandra,1
Guettarda viburnoides,1
Psychotria sessilis,1
Luehea grandiflora,1
Vitex sellowiana,1
Ocotea pubescens,1
Sclerolobium denudatum,1
Swartzia myrtifolia,1
Platymiscium pubescens,1
Guarea kunthiana,1
Trichilia catigua,1
Trichilia pallida,1
Psidium guajava,1
Prunus sellowii,1
Ladenbergia hexandra,1
Hortia arborea,1
Allophylus sericeus,1
Picramnia glazioviana,1
Annona crassiflora,1
Neoraputia alba,1
Coccoloba alnifolia,1
Couratari asterotricha,1
Basiloxylon brasiliensis,1
Amburana cearensis,1
Trichilia clausseni,1
Astronium concinnum,1
Guazuma crinita,1
Erythroxylum deciduum,1
Peltophorum dubium,1
Platypodium elegans,1
Swartzia acutifolia,1
Ampelocera glabra,1
Ziziphus glaziovii,1
Chrysophyllum gonocarpum,1
Trichilia hirta,1
Cariniana ianeirensis,1
Machaerium incorruptibile,1
Ziziphus joazeiro,1
Senegalia kallunkiae,1
Macrothumia kuhlmannii,1
Tabernaemontana laeta,1
Xylopia laevigata,1
Acosmium lentiscifolium,1
Pachystroma longifolium,1
Chrysophyllum lucentifolium,1
Bunchosia macilenta,1
Guapira noxia,1
Cnidoscolus oligandra,1
Melicoccus oliviformis,1
Machaerium paraguariense,1
Paratecoma peroba,1
Alseis pickelii,1
Poeppigia procera,1
Trichilia pseudostipularis,1
Parapiptadenia pterosperma,1
Erythroxylum pulchrum,1
Balfourodendron riedelianum,1
Barnebydendron riedelii,1
Tabebuia roseoalba,1
Almeidea rubra,1
Manilkara salzmannii,1
Pseudopiptadenia warmingii,1
Astronium fraxinifolium,1
Attalea dubia,1
Jacaranda macrantha,1
Maytenus aquifolium,1
Licania spicata,1
Casearia ulmifolia,1
Nectandra lanceolata,1
Persea pyrifolia,1
Lonchocarpus guilleminianus,1
Myroxylon peruiferum,1
Swartzia elegans,1
Acacia polyphylla,1
Inga striata,1
Trichilia elegans,1
Mollinedia argyrogyna,1
Acanthinophyllum ilicifolium,1
Eugenia stictosepala,1
Myrcia sphaerocarpa,1
Myrciaria axillaris,1
Plinia glomerata,1
Seguieria americana,1
Bathysa nicholsonii,1
Ixora gardneriana,1
Chrysophyllum marginatum,1
Pouteria laurifolia,1
Picramnia regnelli,1
Vitex megapotamica,1
Qualea jundiahy,1
Aspidosperma parvifolium,1
Brosimum gaudichaudii,1
Chorisia speciosa,1
Cordia ecalyculata,1
Croton salutaris,1
Cryptocarya moschata,1
Cyphomandra fragrans,1
Licania hoenei,1
Lonchocarpus muehlbergianus,1
Maytenus aquifolia,1
Maytenus salicifolia,1
Metrodorea pubescens,1
Myrcia rostrata,1
Myrciaria ciliolata,1
Ormosia arborea,1
Piptocarpha angustifolia,1
Pisonia ambigua,1
Rollinia sericea,1
Rupretia laxiflora,1
Sebastiania klotzchiana,1
Seguiera floribunda,1
Tabernaemontana hystrix,1
Terminalia triflora,1
Vitex polygama,1
Vochysia tucanorum,1
Blepharocalyx salicifolius,1
Araucaria angustifolia,1
Gymnanthes klotzschiana,1
Lithrea brasiliensis,1
Myrceugenia miersiana,1
Ilex brevicuspis,1
Myrcianthes gigantea,1
Styrax leprosus,1
Sebastiania brasiliensis,1
Myrciaria delicatula,1
Myrcianthes pungens,1
Banara tomentosa,1
Zanthoxylum kleinii,1
Cinnamomum amoenum,1
Symplocos uniflora,1
Trichilia claussenii,1
Picramnia parvifolia,1
Eugenia uruguayensis,1
Quillaja brasiliensis,1
Inga virescens,1
Symplocos tetrandra,1
Xylosma tweediana,1
Hovenia dulcis,1
Myrcia hatschbachii,1
Myrceugenia cucullata,1
Myrcia guianensis,1
Lithrea molleoides,1
Siphoneugena reitzii,1
Myrrhinium atropurpureum,1
Cordia americana,1
Eugenia ramboi,1
Citronella gongonha,1
Handroanthus albus,1
Eugenia pyriformis,1
Scutia buxifolia,1
Randia ferox,1
Myrsine guianensis,1
Aspidosperma australe,1
Ilex taubertiana,1
Allophylus puberulus,1
Picrasma crenata,1
Eugenia rostrifolia,1
Myrsine loefgrenii,1
Dasyphyllum brasiliense,1
Solanum compressum,1
Annona neosalicifolia,1
Sambucus australis,1
Dasyphyllum spinescens,1
Myrcia selloi,1
Ligustrum lucidum,1
Acca sellowiana,1
Xylosma ciliatifolia,1
Schaefferia argentinensis,1
Cordiera concolor,1
Schinus polygamus,1
Myrciaria tenella,1
Eugenia subterminalis,1
Citronella megaphylla,1
Myrcia hartwegiana,1
Allophylus guaraniticus,1
Virola sebifera,1
Schefflera morototoni,1
Xylopia aromatica,1
Machaerium acutifolium,1
Sclerolobium paniculatum,1
Lacistema aggregatum,1
Gomidesia lindeniana,1
Casearia grandiflora,1
Hirtella gracilipes,1
Pouteria torta,1
Cheiloclinium cognatum,1
Terminalia glabrescens,1
Alibertia sessilis,1
Coussarea hydrangeifolia,1
Miconia minutiflora,1
Pseudolmedia laevigata,1
Calyptranthes clusiifolia,1
Heisteria ovata,1
Hirtella glandulosa,1
Rudgea viburnoides,1
Styrax camporum,1
Faramea cyanea,1
Aspidosperma discolor,1
Ouratea castaneifolia,1
Psidium rufum,1
Inga laurina,1
Ficus trigona,1
Ocotea spixiana,1
Pterodon emarginatus,1
Handroanthus serratifolius,1
Qualea dichotoma,1
Myrciaria glanduliflora,1
Calophyllum brasiliense,1
Pouteria gardneri,1
Tapiriraguianensis,1
Rollinia emarginata,1
Didymopanax calvus,1
Cordia magnoliaefolia,1
Protium widgrenii,1
Moytenus robusta,1
Clethra scabra var. olaevigata,1
Baccharis dracunculifolia,1
Baccharis schultzii,1
Baccharis semiserrata var. oeleagnoides,1
Eupatorium vauthierianum,1
Piptocarpha axillaris var. minor,1
Senecio glaziovii,1
Erithroxylum deciduum,1
Pera obovata,1
Sebastiana serrata,1
Ocotea lanata,1
Persea venosa,1
Phoebe stenophyll,1
Senna speciosa,1
Machaerium aculeatum,1
lnga striata,1
Pithecellobium langsdorffii,1
Strychnos brasiliensis,1
Lafoensia replicata,1
Talauma ovata,1
Miconia ligustroides,1
Guarea macrophylla subsp. Tuberculata,1
Rapaneaferruginea,1
Campomanesia maschalantha,1
Calypthrantes concina,1
Myrcia calumbaensis,1
Myrcia impressa,1
Ouratea salicifolia,1
Piper amalago,1
Ixora venulosa,1
Zanthoxyllum rhoifolium,1
Dodonaea viscosa,1
Marayba eleagnoides,1
Athenaea picta,1
Cestrum sessilijlorum,1
Solanum inaequale,1
Solanum rufescens,1
Luehea speciosa,1
Cytharexyllum myrianthum,1
Lantana brasiliensis,1
Guapira subferruginosa,1
Glycydendron amazonicum,1
Protium aracouchini,1
Crepidospermum atlanticum,1
Licania belemii,1
Capparis brasiliana,1
Inga cabelo,1
Ocotea cernua,1
Lonchocarpus cultratus,1
Coussapoa curranii,1
Ouratea cuspidata,1
Inga cylindrica,1
Brosimum glaucum,1
Discophora guianensis,1
Vatairea heteroptera,1
Diplotropis incexis,1
Myrciaria jaboticaba,1
Casearia javitensis,1
Terminalia kuhlmannii,1
Brosimum lactescens,1
Rollinia laurifolia,1
Deguelia longeracemosa,1
Coccoloba longipes,1
Spondias macrocarpa,1
Eriotheca macrophylla,1
Luehea mediterranea,1
Pourouma mollis,1
Melanopsidium nigrum,1
Ormosia nitida,1
Margaritaria nobilis,1
Tabebuia obtusifolia,1
Tachigali paratyensis,1
Guatteria peckoltiana,1
Inga plana,1
Tabebuia riodocensis,1
Thyrsodium schomburgkianum,1
Bombacopsis stenopetala,1
Simaba subcymosa,1
Marlierea succrei,1
Coccoloba tenuifolia,1
Hydrogaster trinervis,1
Pourouma velutina,1
Spondias venulosa,1
Exostyles venusta,1
Myrciaria amazonica,1
Mouriri arborea,1
Ocotea argentea,1
Duguetia bahiensis,1
Pouteria bapeba,1
Stephanopodium blanchetianum,1
Schoepfia brasiliensis,1
Tovomita brevistaminea,1
Couepia carautae,1
Pouteria coelomatica,1
Casearia commersoniana,1
Ocotea conferta,1
Ocotea confertiflora,1
Talisia coriacea,1
Micropholis cuneata,1
Eugenia cuspidata,1
Pouteria cuspidata,1
Aspidosperma cylindrocarpon,1
Humiriastrum dentatum,1
Connarus detersus,1
Ocotea divaricata,1
Sterculia elata,1
Campomanesia espiritosantensis,1
Marlierea estrellensis,1
Actinostemon estrellensis,1
Pouteria filipes,1
Swartzia flaemingii,1
Duguetia flagellaris,1
Inga flagelliformis,1
Machaerium fulvovenosum,1
Micropholis gardneriana,1
Simira glaziovii,1
Exellodendron gracile,1
Marlierea grandifolia,1
Caryodendron grandifolium,1
Sloanea granulosa,1
Simira grazielae,1
Dialium guianense,1
Licania heteromorpha,1
Pouteria hispida,1
Inga hispida,1
Clarisia ilicifolia,1
Aspidosperma illustre,1
Ravenia infelix,1
Plinia involucrata,1
Myrcia isaiana,1
Eugenia itapemirimensis,1
Chrysophyllum jamaicense,1
Chrysophyllum januariense,1
Guarea juglandiformis,1
Geissospermum laeve,1
Neomitranthes langsdorfii,1
Zollernia latifolia,1
Myrcia lineata,1
Beilschmiedia linharensis,1
Lecythis lurida,1
Psidium macrospermum,1
Mollinedia marquetiana,1
Qualea megalocarpa,1
Naucleopsis mello-barretoi,1
Eugenia microcarpa,1
Zollernia modesta,1
Eugenia moonioides,1
Senefeldera multiflora,1
Maytenus multiflora,1
Eugenia neoglomerata,1
Schoepfia oblongifolia,1
Marlierea obversa,1
Xylopia ochrantha,1
Machaerium ovalifolium,1
Eschweilera ovata,1
Parinari parvifolia,1
Quararibea penduliflora,1
Guarea penningtoniana,1
Eugenia pinhaesensis,1
Eugenia platysema,1
Pouteria psammophila,1
Eugenia pyriflora,1
Clarisia racemosa,1
Lacistema recurvum,1
Marlierea regeliana,1
Pouteria reticulata,1
Cupania rugosa,1
Licania salzmannii,1
Cupania scrobiculata,1
Swartzia simplex,1
Sterculia speciosa,1
Chrysophyllum splendens,1
Aspidosperma spruceanum,1
Hirtella sprucei,1
Sclerolobium striatum,1
Marlierea strigipes,1
Trichilia surumuensis,1
Eugenia tinguyensis,1
Eugenia ubensis,1
Pouteria venosa,1
Rinorea bahiensis,1
Cinnamodendron dinisii,1
Mimosa scabrella,1
Ateleia glazioveana,1
Miconia cinerascens,1
Curitiba prismática,1
Myrcia hebepetala,1
Myrcia palustres,1
Myrcianthes cisplatensis,1
Zanthoxylum riedelianum,1
Xylosma pseudosalzmannii,1
Casearia lasiophylla,1
Tecoma stans,1
Lonchocarpus campestris,1
Cestrum calycinum,1
Patagonula americana,1
Maba inconstans,1
Albizia niopoides,1
Inga semialata,1
Rapanea quaternata,1
Citharexylum solanaceum,1
Rollinia salicifolia,1
Banara parviflora,1
Ocotea lancifolia,1
Calyptranthes tricona,1
Pilocarpus pennatifolius,1
Rollinia sylvatica,1
Aspidosperma ramiflorum,1
Syagrus oleracea,1
Carica quercifolia,1
Securinega guaraiuva,1
Centrolobium tomentosum,1
Machaerium scleroxylum,1
Sweetia fruticosa,1
Lacistema hasslerianum,1
Bastardiopsis densiflora,1
Esenbeckia febrifuga,1
Metrodorea nigra,1
Zanthoxylum hyemale,1
Aloysia virgata,1
Cordyline spectabilis,1
Lithraea molleoides,1
Aspidosperma subincanum,1
Ilex amara,1
Piptocarpha regnelii,1
Tabebuia alba,1
Tabebuia impetiginosa,1
Capsicodendron dinisii,1
Cyathea atrovirens,1
Cyathea corcovadensis,1
Richeria grandis,1
Machaerium vestitum,1
Ormosia dasycarpa,1
Piptadenia paniculata,1
Vantanea compacta,1
Cinnamomum pseudoglaziovii,1
Ocotea porosa,1
Ocotea vaccinioides,1
Ocotea variabilis,1
Miconia fasciculata,1
Miconia inconspicua,1
Meliosma brasiliensis,1
Meliosma glaziovii,1
Meliosma sellowiana,1
Meliosma sinuata,1
Mollinedia oligantha,1
Ardisia guianensis,1
Rapanea hermogenesii,1
Calyptranthes concinna,1
Campomanesia phaea,1
Eugenia blastantha,1
Eugenia cereja,1
Eugenia multiovulata,1
Eugenia sonderiana,1
Eugenia speciosa,1
Gomidesia schaueriana,1
Gomidesia tijucensis,1
Myrcia arborescens,1
Myrcia citrifolia,1
Myrcia laruotteana,1
Myrcia richardiana,1
Myrcia tenuivenosa,1
Neomitranthes glomerata,1
Seguieria floribunda,1
Podocarpus sellowii,1
Quiina glaziovii,1
Eriobotrya japonica,1
Alibertia myrciifolia,1
Bathysa meridionalis,1
Faramea montevidensis,1
Psychotria glaziovii,1
Psychotria pubigera,1
Solanum swartzianum,1
Styrax acuminatus,1
Styrax ambiguus,1
Symplocos glanduloso-marginata,1
Gordonia fruticosa,1
Daphnopsis schwackeana,1
Rollinia mucosa,1
Terminalia phaeocarpa,1
Gochnatia paniculata,1
Piptocarpha oblonga,1
Ttichipteris corcovadensis,1
Ocotea paranapiacabensis,1
Leandra moseni,1
Leandra scabra,1
Tibouchina mutabilis,1
Rapanea lancifolia,1
Myrcia racemosa,1
Mytcia ypenemensis,1
Pipet aduncum,1
Palicourea metcgrewii,1
Terminalia brasiliensis,1
Rapanea guianensis,1
Calycorectes acutatus,1
Eugenia aurata,1
Eugenia glazioviana,1
Psychotria nemorosa,1
Sebastiania serrata,1
Inga uruguensis,1
Luehea paniculata,1
Qualea multiflora,1
Tabebuia umbellata,1
Maytenus alatemoides,1
Diospyros inconstans,1
Cyclolobium vecchii,1
Genipa americana,1
Vernonia polysphaera,1
Gochnatia polymorpha,1
Inga fagifolia,1
Ococtea diospyrifolia,1
Tibouchina grandulosa,1
Ficus enormis,1
Psidium sartorianum,1
Campomanesia pubescens,1
Eugenia leitonii,1
Psychotria laciniata,1
Helietta apiculata,1
Essenbeckia febrifuga,1
Cestrum laevigatum,1
Cestrum corymbosum,1
Solanum paniculatum,1
Daphnopsis brasiliensis,1
Vitex cymosa,1
Vochysia divergens,1
Vochysia bifalcata,1
Drimys winteri,1
Chamaecrista ensiformis,1
Maytenus distichophylla,1
Maytenus erythroxylon,1
Erythroxylum squamatum,1
Pera ferruginea,1
Pogonophora schomburgkiana,1
Andira nitida,1
Bowdichia virgilioides,1
Nectandra cuspidata,1
Ocotea gardneri,1
Ocotea glomerata,1
Gustavia augusta,1
Byrsonima sericea,1
Henriettea succosa,1
Miconia hypoleuca,1
Balizia pedicellaria,1
Inga blanchetiana,1
Inga thibaudiana,1
Parkia pendula,1
Pithecellobium saman,1
Plathymenia foliolosa,1
Brosimum discolor,1
Sorocea hilarii,1
Thyrsodium spruceanum,1
Guatteria schomburgkiana,1
Xylopia frutescens,1
Acrocomia intumescens,1
Campomanesia dichotoma,1
Myrcia bergiana,1
Myrcia silvatica,1
Ouratea hexasperma,1
Talisia elephantipes,1
Pouteria peduncularis,1
Pradosia pedicellata,1
Apeiba tibourbou,1
Symphonia globulifera,1
Coccoloba mollis,1
Cordia nodosa,1
Pourouma acutiflora,1
Psychotria capitata,1
Inga cayennensis,1
Eriotheca crenulaticalyx,1
Ocotea longifolia,1
Albizia polycephala,1
Albizia saman,1
Anaxagorea dolichocarpa,1
Protium giganteum,1
Tabernaemontana fuchsiaefolia,1
Licania parvifolia,1
Abarema jupunba,1
Seguieria langsdorffii,1
Bixa arborea,1
Stryphnodendron polyphyllum,1
Newtonia contorta,1
Inga stipularis,1
Cordia bullata,1
Tabebuia serratifolia,1
Guapira hirsuta,1
Miconia brunea,1
Sterculia chicha,1
Byrsonima lancifolia,1
Sloanea retusa,1
Guatteria latifolia,1
Myrcia formosiana,1
Ficus eximia,1
Myrsine ferruginea,1
Ocotea difusa,1
Dictyoloma incanescens,1
Psychotria longepedunculata,1
Myracrodruon urundeuva,1
Maytenus floribunda,1
Cordiera sessilis,1
Callisthene major,1
Guazuma ulmifolia,1
Diospyros hispida,1
Ardisia ambigua,1
Nectandra cissiflora,1
Pseudobombax tomentosum,1
Simira sampaioana,1
Ilex cerasifolia,1
Ficus clusiifolia,1
Machaerium hirtum,1
Myrcia tomentosa,1
Campomanesia velutina,1
Prockia crucis,1
Lafoensia densiflora,1
Ficus obtusiuscula,1
Cardiopetalum calophyllum,1
Bauhinia ungulata,1
Chomelia pohliana,1
Ficus pertusa,1
Platycyamus regnellii,1
Hirtella racemosa,1
Faramea hyacinthina,1
Garcinia brasiliensis,1
Cocoloba mollis,1
Machaerium opacum,1
Agonandra brasiliensis,1
Bauhinia rufa,1
Bombacopsis glabra,1
Inga lentiscifolia,1
Inga subnuda,1
Ruprechtia lundii,1
Metternichia princeps,1
Luehea candicans,1
Spondias lutea,1
Maytenus ilicifolia,1
Erythroxylum cuspidifolium,1
Actinostemon communis,1
Sebastiania multiramea,1
Caesalpinia echinata,1
Alseis involuta,1
Mabea occidentalis,1
Swartzia pickelii,1
Miconia falconi,1
Miconia holosericea,1
Rheedia brasiliensis,1
Dipteryx odorata,1
Clusia criuva,1
Seguieria glaziovii,1
Vernonia puberula,1
Aralia warmingiana,1
Allophylus racemosus,1
Unonopsis lindimanii,1
Guapira venosa,1
Acalypha gracilis,1
Chomelia sericea,1
Calyptranthes widgreniana,1
Quararibea turbinata,1
Calliandra foliolosa,1
Metrodorea stipularis,1
Vernonia discolor,1
Geissospermum vellosii,1
Malouetia arborea,1
Myrcine ferruginea,1
Himatanthus lancifolius,1
Aiouea saligna,1
Licaria armenica,1
Ocotea schottii,1
Psidium guineense,1
Roupala sculpta,1
Astronium nelson-rosae,1
Terminalia argentea,1
Schinopsis brasiliensis,1
Fícus calyptroceras,1
Enterolobium contortisiliquum,1
Combretum leprosum,1
Pterogyne nitens,1
Piptocarpha rotundifolia,1
Hymenaea stigonocarpa,1
Piper caldense,1
Ficus citrifolia,1
Cestrum coriaceum,1
Trichilia emarginata,1
Myrcia eriopus,1
Machaerium floridum,1
Alchornea iricurana,1
Peschiera laeta,1
Piper lhotzkyanum,1
Vernonia rubriramea,1
Abutilon sellovianum,1
Talauma sellowiana,1
Alsophila sternbergii,1
Vochysia selloi,1
Eugenia beaurepaireana,1
Marlierea racemosa,1
Myrcia neobrasiliensis,1
Myrcia neolucida,1
